{
    "metrics": {
        "data_sent": {
            "count": 403876,
            "rate": 6678.491225455748
        },
        "http_reqs": {
            "count": 1180,
            "rate": 19.512473249308655
        },
        "checks": {
            "passes": 1180,
            "fails": 0,
            "value": 1
        },
        "http_req_duration{expected_response:true}": {
            "p(90)": 14.052100000000001,
            "p(95)": 15.176799999999998,
            "p(99)": 23.03142,
            "avg": 10.570339830508471,
            "min": 4.796,
            "med": 10.317,
            "max": 26.843
        },
        "http_req_duration": {
            "max": 26.843,
            "p(90)": 14.052100000000001,
            "p(95)": 15.176799999999998,
            "p(99)": 23.03142,
            "avg": 10.570339830508471,
            "min": 4.796,
            "med": 10.317,
            "thresholds": {
                "p(95)<150": false
            }
        },
        "http_req_tls_handshaking": {
            "p(90)": 0,
            "p(95)": 0,
            "p(99)": 0,
            "avg": 0,
            "min": 0,
            "med": 0,
            "max": 0
        },
        "http_req_blocked": {
            "max": 1.269,
            "p(90)": 0.01,
            "p(95)": 0.02,
            "p(99)": 0.2754599999999987,
            "avg": 0.016647457627118747,
            "min": 0,
            "med": 0.005
        },
        "iteration_duration": {
            "p(99)": 524.25182929,
            "avg": 512.4446941101692,
            "min": 506.199875,
            "med": 512.011958,
            "max": 528.91175,
            "p(90)": 516.4531545,
            "p(95)": 518.35156635
        },
        "http_req_receiving": {
            "max": 0.272,
            "p(90)": 0.069,
            "p(95)": 0.084,
            "p(99)": 0.13430999999999987,
            "avg": 0.033983898305084755,
            "min": 0.006,
            "med": 0.026
        },
        "http_req_connecting": {
            "med": 0,
            "max": 1.244,
            "p(90)": 0,
            "p(95)": 0,
            "p(99)": 0,
            "avg": 0.008765254237288135,
            "min": 0
        },
        "http_req_sending": {
            "med": 0.015,
            "max": 5.217,
            "p(90)": 0.079,
            "p(95)": 0.1870999999999999,
            "p(99)": 1.1749399999999999,
            "avg": 0.06254152542372894,
            "min": 0.003
        },
        "http_req_waiting": {
            "min": 4.712,
            "med": 10.2395,
            "max": 26.82,
            "p(90)": 13.859800000000002,
            "p(95)": 14.87825,
            "p(99)": 22.938909999999996,
            "avg": 10.473814406779663
        },
        "vus": {
            "value": 10,
            "min": 10,
            "max": 10
        },
        "data_received": {
            "count": 2011900,
            "rate": 33268.76689007125
        },
        "iterations": {
            "count": 1180,
            "rate": 19.512473249308655
        },
        "vus_max": {
            "value": 10,
            "min": 10,
            "max": 10
        },
        "http_req_failed": {
            "passes": 0,
            "fails": 1180,
            "thresholds": {
                "rate<0.01": false
            },
            "value": 0
        }
    },
    "root_group": {
        "name": "",
        "path": "",
        "id": "d41d8cd98f00b204e9800998ecf8427e",
        "groups": {},
        "checks": {
                "submission accepted": {
                    "path": "::submission accepted",
                    "id": "f8a6fa16d33a782b1c0a0ecfaf1e1a0d",
                    "passes": 1180,
                    "fails": 0,
                    "name": "submission accepted"
                }
            }
    }
}