{
    "metrics": {
        "http_req_tls_handshaking": {
            "p(90)": 0,
            "p(95)": 0,
            "p(99)": 0,
            "avg": 0,
            "min": 0,
            "med": 0,
            "max": 0
        },
        "http_req_duration{expected_response:true}": {
            "p(90)": 29.389400000000002,
            "p(95)": 35.844199999999994,
            "p(99)": 41.00804,
            "avg": 10.396799999999999,
            "min": 0.774,
            "med": 6.532,
            "max": 42.299
        },
        "http_req_receiving": {
            "med": 0.052000000000000005,
            "max": 0.105,
            "p(90)": 0.09870000000000001,
            "p(95)": 0.10185,
            "p(99)": 0.10436999999999999,
            "avg": 0.06400000000000002,
            "min": 0.037
        },
        "data_sent": {
            "rate": 403.2412394132088,
            "count": 2065
        },
        "data_received": {
            "count": 10630,
            "rate": 2075.764830490271
        },
        "http_reqs": {
            "count": 10,
            "rate": 1.9527420794828514
        },
        "vus": {
            "max": 1,
            "value": 1,
            "min": 1
        },
        "http_req_duration": {
            "med": 6.532,
            "max": 42.299,
            "p(90)": 29.389400000000002,
            "p(95)": 35.844199999999994,
            "p(99)": 41.00804,
            "avg": 10.396799999999999,
            "min": 0.774
        },
        "iteration_duration": {
            "avg": 1024.0601416000002,
            "min": 1008.588875,
            "med": 1011.14,
            "max": 1078.512167,
            "p(90)": 1052.0472166,
            "p(95)": 1065.2796918000001,
            "p(99)": 1075.86567196
        },
        "http_req_blocked": {
            "p(90)": 0.34930000000000067,
            "p(95)": 1.8356499999999987,
            "p(99)": 3.0247299999999995,
            "avg": 0.33799999999999997,
            "min": 0.002,
            "med": 0.005,
            "max": 3.322
        },
        "http_req_connecting": {
            "max": 0.905,
            "p(90)": 0.09050000000000018,
            "p(95)": 0.49774999999999964,
            "p(99)": 0.82355,
            "avg": 0.0905,
            "min": 0,
            "med": 0
        },
        "http_req_sending": {
            "avg": 0.12699999999999997,
            "min": 0.012,
            "med": 0.034,
            "max": 1.012,
            "p(90)": 0.14350000000000018,
            "p(95)": 0.5777499999999997,
            "p(99)": 0.9251499999999999
        },
        "vus_max": {
            "value": 1,
            "min": 1,
            "max": 1
        },
        "http_req_waiting": {
            "p(90)": 28.394900000000003,
            "p(95)": 35.28845,
            "p(99)": 40.803290000000004,
            "avg": 10.2058,
            "min": 0.715,
            "med": 6.475,
            "max": 42.182
        },
        "http_req_failed": {
            "passes": 0,
            "fails": 10,
            "value": 0
        },
        "iterations": {
            "count": 5,
            "rate": 0.9763710397414257
        },
        "checks": {
            "passes": 10,
            "fails": 0,
            "value": 1
        }
    },
    "root_group": {
        "name": "",
        "path": "",
        "id": "d41d8cd98f00b204e9800998ecf8427e",
        "groups": {},
        "checks": {
                "health ok": {
                    "name": "health ok",
                    "path": "::health ok",
                    "id": "c42ae2f6b425daab202696e0780b9a01",
                    "passes": 5,
                    "fails": 0
                },
                "report accepted": {
                    "fails": 0,
                    "name": "report accepted",
                    "path": "::report accepted",
                    "id": "7d39c8ddadf6f92221d8ba50d5b392e5",
                    "passes": 5
                }
            }
    }
}