{
    "root_group": {
        "path": "",
        "id": "d41d8cd98f00b204e9800998ecf8427e",
        "groups": {},
        "checks": {
                "spike request handled": {
                    "name": "spike request handled",
                    "path": "::spike request handled",
                    "id": "58724b4289c1f740c990b0e37ca8b2a9",
                    "passes": 11917,
                    "fails": 0
                }
            },
        "name": ""
    },
    "metrics": {
        "http_req_waiting": {
            "max": 78.816,
            "p(90)": 11.901,
            "p(95)": 14.408999999999997,
            "p(99)": 28.06603999999998,
            "avg": 7.152497944113432,
            "min": 0.694,
            "med": 6.114
        },
        "data_received": {
            "count": 7936722,
            "rate": 158563.0238574287
        },
        "http_req_duration": {
            "min": 0.711,
            "med": 6.157,
            "max": 78.861,
            "p(90)": 11.9564,
            "p(95)": 14.504599999999998,
            "p(99)": 28.10327999999998,
            "avg": 7.203764370227452
        },
        "http_req_connecting": {
            "min": 0,
            "med": 0,
            "max": 2.36,
            "p(90)": 0,
            "p(95)": 0,
            "p(99)": 0,
            "avg": 0.004246035075941931
        },
        "http_req_sending": {
            "avg": 0.02978484517915381,
            "min": 0.002,
            "med": 0.008,
            "max": 6.972,
            "p(90)": 0.029,
            "p(95)": 0.063,
            "p(99)": 0.54
        },
        "iterations": {
            "count": 11917,
            "rate": 238.08261840454756
        },
        "checks": {
            "passes": 11917,
            "fails": 0,
            "value": 1
        },
        "http_req_receiving": {
            "p(99)": 0.0938399999999999,
            "avg": 0.021481580934798263,
            "min": 0.005,
            "med": 0.016,
            "max": 1.829,
            "p(90)": 0.036,
            "p(95)": 0.051
        },
        "http_req_failed": {
            "fails": 11917,
            "passes": 0,
            "value": 0
        },
        "http_req_duration{expected_response:true}": {
            "avg": 7.203764370227452,
            "min": 0.711,
            "med": 6.157,
            "max": 78.861,
            "p(90)": 11.9564,
            "p(95)": 14.504599999999998,
            "p(99)": 28.10327999999998
        },
        "http_req_tls_handshaking": {
            "p(95)": 0,
            "p(99)": 0,
            "avg": 0,
            "min": 0,
            "med": 0,
            "max": 0,
            "p(90)": 0
        },
        "http_reqs": {
            "count": 11917,
            "rate": 238.08261840454756
        },
        "http_req_blocked": {
            "min": 0,
            "med": 0.002,
            "max": 2.49,
            "p(90)": 0.006,
            "p(95)": 0.009,
            "p(99)": 0.054,
            "avg": 0.008593689687002016
        },
        "iteration_duration": {
            "p(95)": 216.17542559999998,
            "p(99)": 230.43850799999998,
            "avg": 208.34789477452358,
            "min": 200.854958,
            "med": 207.471209,
            "max": 279.268542,
            "p(90)": 213.65897479999998
        },
        "vus": {
            "value": 7,
            "min": 1,
            "max": 80
        },
        "data_sent": {
            "count": 4087261,
            "rate": 81656.9439441797
        },
        "vus_max": {
            "value": 80,
            "min": 80,
            "max": 80
        }
    }
}